usageKey,scientificName,canonicalName,rank,status,confidence,matchType,kingdom,phylum,order,family,genus,species,kingdomKey,phylumKey,classKey,orderKey,familyKey,genusKey,speciesKey,synonym,class,acceptedUsageKey,verbatim_name,verbatim_index
2430985,"Oscaecilia osae Lahanas & Savage, 1992",Oscaecilia osae,SPECIES,ACCEPTED,99,EXACT,Animalia,Chordata,Gymnophiona,Caeciliidae,Oscaecilia,Oscaecilia osae,1,44,131,775,2237,2430984,2430985,FALSE,Amphibia,NA,Oscaecilia osae,1
5218274,"Caecilia volcani Taylor, 1969",Caecilia volcani,SPECIES,ACCEPTED,99,EXACT,Animalia,Chordata,Gymnophiona,Caeciliidae,Caecilia,Caecilia volcani,1,44,131,775,2237,2431001,5218274,FALSE,Amphibia,NA,Caecilia volcani,2
2430978,"Gymnopis multiplicata Peters, 1874",Gymnopis multiplicata,SPECIES,ACCEPTED,99,EXACT,Animalia,Chordata,Gymnophiona,Dermophiidae,Gymnopis,Gymnopis multiplicata,1,44,131,775,8632815,2430977,2430978,FALSE,Amphibia,NA,Gymnopis multiplicata,3
10755414,"Dermophis costaricense Taylor, 1955",Dermophis costaricense,SPECIES,ACCEPTED,99,EXACT,Animalia,Chordata,Gymnophiona,Dermophiidae,Dermophis,Dermophis costaricense,1,44,131,775,8632815,2430905,10755414,FALSE,Amphibia,NA,Dermophis costaricense,4
2430906,"Dermophis glandulosus Taylor, 1955",Dermophis glandulosus,SPECIES,ACCEPTED,99,EXACT,Animalia,Chordata,Gymnophiona,Dermophiidae,Dermophis,Dermophis glandulosus,1,44,131,775,8632815,2430905,2430906,FALSE,Amphibia,NA,Dermophis glandulosus,5
2430909,"Dermophis gracilior Günther, 1902",Dermophis gracilior,SPECIES,ACCEPTED,99,EXACT,Animalia,Chordata,Gymnophiona,Dermophiidae,Dermophis,Dermophis gracilior,1,44,131,775,8632815,2430905,2430909,FALSE,Amphibia,NA,Dermophis gracilior,6
2430907,"Dermophis occidentalis Taylor, 1955",Dermophis occidentalis,SPECIES,ACCEPTED,99,EXACT,Animalia,Chordata,Gymnophiona,Dermophiidae,Dermophis,Dermophis occidentalis,1,44,131,775,8632815,2430905,2430907,FALSE,Amphibia,NA,Dermophis occidentalis,7
2430911,"Dermophis parviceps (Dunn, 1924)",Dermophis parviceps,SPECIES,ACCEPTED,99,EXACT,Animalia,Chordata,Gymnophiona,Dermophiidae,Dermophis,Dermophis parviceps,1,44,131,775,8632815,2430905,2430911,FALSE,Amphibia,NA,Dermophis parviceps,8
2431254,"Bolitoglossa alvaradoi Taylor, 1954",Bolitoglossa alvaradoi,SPECIES,ACCEPTED,99,EXACT,Animalia,Chordata,Caudata,Plethodontidae,Bolitoglossa,Bolitoglossa alvaradoi,1,44,131,953,6748,2431243,2431254,FALSE,Amphibia,NA,Bolitoglossa alvaradoi,9
8905972,"Bolitoglossa aurae Kubicki & Arias, 2016",Bolitoglossa aurae,SPECIES,ACCEPTED,99,EXACT,Animalia,Chordata,Caudata,Plethodontidae,Bolitoglossa,Bolitoglossa aurae,1,44,131,953,6748,2431243,8905972,FALSE,Amphibia,NA,Bolitoglossa aurae,10
8586588,"Bolitoglossa aureogularis Boza-Oviedo, Rovito, Chaves, García-Rodríguez, Artavia, Bolaños & Wake, 2012",Bolitoglossa aureogularis,SPECIES,ACCEPTED,99,EXACT,Animalia,Chordata,Caudata,Plethodontidae,Bolitoglossa,Bolitoglossa aureogularis,1,44,131,953,6748,2431243,8586588,FALSE,Amphibia,NA,Bolitoglossa aureogularis,11
2431330,"Bolitoglossa bramei Wake, Savage & Hanken, 2007",Bolitoglossa bramei,SPECIES,ACCEPTED,99,EXACT,Animalia,Chordata,Caudata,Plethodontidae,Bolitoglossa,Bolitoglossa bramei,1,44,131,953,6748,2431243,2431330,FALSE,Amphibia,NA,Bolitoglossa bramei,12
2431303,"Bolitoglossa cerroensis (Taylor, 1952)",Bolitoglossa cerroensis,SPECIES,ACCEPTED,99,EXACT,Animalia,Chordata,Caudata,Plethodontidae,Bolitoglossa,Bolitoglossa cerroensis,1,44,131,953,6748,2431243,2431303,FALSE,Amphibia,NA,Bolitoglossa cerroensis,13
2431310,"Bolitoglossa colonnea (Dunn, 1924)",Bolitoglossa colonnea,SPECIES,ACCEPTED,99,EXACT,Animalia,Chordata,Caudata,Plethodontidae,Bolitoglossa,Bolitoglossa colonnea,1,44,131,953,6748,2431243,2431310,FALSE,Amphibia,NA,Bolitoglossa colonnea,14
2431283,"Bolitoglossa compacta Wake, Brame & Duellman, 1973",Bolitoglossa compacta,SPECIES,ACCEPTED,99,EXACT,Animalia,Chordata,Caudata,Plethodontidae,Bolitoglossa,Bolitoglossa compacta,1,44,131,953,6748,2431243,2431283,FALSE,Amphibia,NA,Bolitoglossa compacta,15
2431335,"Bolitoglossa diminuta Robinson, 1976",Bolitoglossa diminuta,SPECIES,ACCEPTED,99,EXACT,Animalia,Chordata,Caudata,Plethodontidae,Bolitoglossa,Bolitoglossa diminuta,1,44,131,953,6748,2431243,2431335,FALSE,Amphibia,NA,Bolitoglossa diminuta,16
2431340,"Bolitoglossa epimela Wake & Brame, 1963",Bolitoglossa epimela,SPECIES,ACCEPTED,99,EXACT,Animalia,Chordata,Caudata,Plethodontidae,Bolitoglossa,Bolitoglossa epimela,1,44,131,953,6748,2431243,2431340,FALSE,Amphibia,NA,Bolitoglossa epimela,17
2431316,"Bolitoglossa gomezi Wake, Savage & Hanken, 2007",Bolitoglossa gomezi,SPECIES,ACCEPTED,99,EXACT,Animalia,Chordata,Caudata,Plethodontidae,Bolitoglossa,Bolitoglossa gomezi,1,44,131,953,6748,2431243,2431316,FALSE,Amphibia,NA,Bolitoglossa gomezi,18
2431307,"Bolitoglossa gracilis Bolaños, Robinson & Wake, 1987",Bolitoglossa gracilis,SPECIES,ACCEPTED,99,EXACT,Animalia,Chordata,Caudata,Plethodontidae,Bolitoglossa,Bolitoglossa gracilis,1,44,131,953,6748,2431243,2431307,FALSE,Amphibia,NA,Bolitoglossa gracilis,19
8485080,"Bolitoglossa kamuk Boza-Oviedo, Rovito, Chaves, García-Rodríguez, Artavia, Bolaños & Wake, 2012",Bolitoglossa kamuk,SPECIES,ACCEPTED,99,EXACT,Animalia,Chordata,Caudata,Plethodontidae,Bolitoglossa,Bolitoglossa kamuk,1,44,131,953,6748,2431243,8485080,FALSE,Amphibia,NA,Bolitoglossa kamuk,20
2431276,"Bolitoglossa lignicolor (Peters, 1873)",Bolitoglossa lignicolor,SPECIES,ACCEPTED,99,EXACT,Animalia,Chordata,Caudata,Plethodontidae,Bolitoglossa,Bolitoglossa lignicolor,1,44,131,953,6748,2431243,2431276,FALSE,Amphibia,NA,Bolitoglossa lignicolor,21
2431244,"Bolitoglossa marmorea (Tanner & Brame, 1961)",Bolitoglossa marmorea,SPECIES,ACCEPTED,99,EXACT,Animalia,Chordata,Caudata,Plethodontidae,Bolitoglossa,Bolitoglossa marmorea,1,44,131,953,6748,2431243,2431244,FALSE,Amphibia,NA,Bolitoglossa marmorea,22
2431343,"Bolitoglossa minutula Wake, Brame & Duellman, 1973",Bolitoglossa minutula,SPECIES,ACCEPTED,99,EXACT,Animalia,Chordata,Caudata,Plethodontidae,Bolitoglossa,Bolitoglossa minutula,1,44,131,953,6748,2431243,2431343,FALSE,Amphibia,NA,Bolitoglossa minutula,23
2431320,"Bolitoglossa nigrescens (Taylor, 1949)",Bolitoglossa nigrescens,SPECIES,ACCEPTED,99,EXACT,Animalia,Chordata,Caudata,Plethodontidae,Bolitoglossa,Bolitoglossa nigrescens,1,44,131,953,6748,2431243,2431320,FALSE,Amphibia,NA,Bolitoglossa nigrescens,24
2431253,"Bolitoglossa obscura Hanken, Wake & Savage, 2005",Bolitoglossa obscura,SPECIES,ACCEPTED,99,EXACT,Animalia,Chordata,Caudata,Plethodontidae,Bolitoglossa,Bolitoglossa obscura,1,44,131,953,6748,2431243,2431253,FALSE,Amphibia,NA,Bolitoglossa obscura,25
2431298,"Bolitoglossa pesrubra (Taylor, 1952)",Bolitoglossa pesrubra,SPECIES,ACCEPTED,99,EXACT,Animalia,Chordata,Caudata,Plethodontidae,Bolitoglossa,Bolitoglossa pesrubra,1,44,131,953,6748,2431243,2431298,FALSE,Amphibia,NA,Bolitoglossa pesrubra,26
2431257,"Bolitoglossa pygmaea Bolaños & Wake, 2009",Bolitoglossa pygmaea,SPECIES,ACCEPTED,99,EXACT,Animalia,Chordata,Caudata,Plethodontidae,Bolitoglossa,Bolitoglossa pygmaea,1,44,131,953,6748,2431243,2431257,FALSE,Amphibia,NA,Bolitoglossa pygmaea,27
2431266,"Bolitoglossa robinsoni Bolaños & Wake, 2009",Bolitoglossa robinsoni,SPECIES,ACCEPTED,99,EXACT,Animalia,Chordata,Caudata,Plethodontidae,Bolitoglossa,Bolitoglossa robinsoni,1,44,131,953,6748,2431243,2431266,FALSE,Amphibia,NA,Bolitoglossa robinsoni,28
2431319,"Bolitoglossa robusta (Cope, 1894)",Bolitoglossa robusta,SPECIES,ACCEPTED,99,EXACT,Animalia,Chordata,Caudata,Plethodontidae,Bolitoglossa,Bolitoglossa robusta,1,44,131,953,6748,2431243,2431319,FALSE,Amphibia,NA,Bolitoglossa robusta,29
2431271,"Bolitoglossa schizodactyla Wake & Brame, 1966",Bolitoglossa schizodactyla,SPECIES,ACCEPTED,99,EXACT,Animalia,Chordata,Caudata,Plethodontidae,Bolitoglossa,Bolitoglossa schizodactyla,1,44,131,953,6748,2431243,2431271,FALSE,Amphibia,NA,Bolitoglossa schizodactyla,30
2431245,"Bolitoglossa sombra Hanken, Wake & Savage, 2005",Bolitoglossa sombra,SPECIES,ACCEPTED,99,EXACT,Animalia,Chordata,Caudata,Plethodontidae,Bolitoglossa,Bolitoglossa sombra,1,44,131,953,6748,2431243,2431245,FALSE,Amphibia,NA,Bolitoglossa sombra,31
2431350,"Bolitoglossa sooyorum Vial, 1963",Bolitoglossa sooyorum,SPECIES,ACCEPTED,99,EXACT,Animalia,Chordata,Caudata,Plethodontidae,Bolitoglossa,Bolitoglossa sooyorum,1,44,131,953,6748,2431243,2431350,FALSE,Amphibia,NA,Bolitoglossa sooyorum,32
10794834,"Bolitoglossa splendida Boza-Oviedo, Rovito, Chaves, García-Rodríguez, Artavia, Bolaños & Wake, 2012",Bolitoglossa splendida,SPECIES,ACCEPTED,99,EXACT,Animalia,Chordata,Caudata,Plethodontidae,Bolitoglossa,Bolitoglossa splendida,1,44,131,953,6748,2431243,10794834,FALSE,Amphibia,NA,Bolitoglossa splendida,33
2431342,"Bolitoglossa striatula (Noble, 1918)",Bolitoglossa striatula,SPECIES,ACCEPTED,99,EXACT,Animalia,Chordata,Caudata,Plethodontidae,Bolitoglossa,Bolitoglossa striatula,1,44,131,953,6748,2431243,2431342,FALSE,Amphibia,NA,Bolitoglossa striatula,34
2431317,"Bolitoglossa subpalmata (Boulenger, 1896)",Bolitoglossa subpalmata,SPECIES,ACCEPTED,99,EXACT,Animalia,Chordata,Caudata,Plethodontidae,Bolitoglossa,Bolitoglossa subpalmata,1,44,131,953,6748,2431243,2431317,FALSE,Amphibia,NA,Bolitoglossa subpalmata,35
2431347,"Bolitoglossa tica García-París, Parra-Olea & Wake, 2008",Bolitoglossa tica,SPECIES,ACCEPTED,99,EXACT,Animalia,Chordata,Caudata,Plethodontidae,Bolitoglossa,Bolitoglossa tica,1,44,131,953,6748,2431243,2431347,FALSE,Amphibia,NA,Bolitoglossa tica,36
2431734,"Nototriton abscondens (Taylor, 1948)",Nototriton abscondens,SPECIES,ACCEPTED,99,EXACT,Animalia,Chordata,Caudata,Plethodontidae,Nototriton,Nototriton abscondens,1,44,131,953,6748,2431725,2431734,FALSE,Amphibia,NA,Nototriton abscondens,37
9381959,"Nototriton costaricense Arias & Kubicki, 2018",Nototriton costaricense,SPECIES,ACCEPTED,99,EXACT,Animalia,Chordata,Caudata,Plethodontidae,Nototriton,Nototriton costaricense,1,44,131,953,6748,2431725,9381959,FALSE,Amphibia,NA,Nototriton costaricense,38
2431726,"Nototriton gamezi García-París & Wake, 2000",Nototriton gamezi,SPECIES,ACCEPTED,99,EXACT,Animalia,Chordata,Caudata,Plethodontidae,Nototriton,Nototriton gamezi,1,44,131,953,6748,2431725,2431726,FALSE,Amphibia,NA,Nototriton gamezi,39
2431738,"Nototriton guanacaste Good & Wake, 1993",Nototriton guanacaste,SPECIES,ACCEPTED,99,EXACT,Animalia,Chordata,Caudata,Plethodontidae,Nototriton,Nototriton guanacaste,1,44,131,953,6748,2431725,2431738,FALSE,Amphibia,NA,Nototriton guanacaste,40
2431739,"Nototriton major Good & Wake, 1993",Nototriton major,SPECIES,ACCEPTED,99,EXACT,Animalia,Chordata,Caudata,Plethodontidae,Nototriton,Nototriton major,1,44,131,953,6748,2431725,2431739,FALSE,Amphibia,NA,Nototriton major,41
8508592,"Nototriton matama Boza-Oviedo, Rovito, Chaves, García-Rodríguez, Artavia, Bolaños & Wake, 2012",Nototriton matama,SPECIES,ACCEPTED,99,EXACT,Animalia,Chordata,Caudata,Plethodontidae,Nototriton,Nototriton matama,1,44,131,953,6748,2431725,8508592,FALSE,Amphibia,NA,Nototriton matama,42
2431736,"Nototriton picadoi (Stejneger, 1911)",Nototriton picadoi,SPECIES,ACCEPTED,99,EXACT,Animalia,Chordata,Caudata,Plethodontidae,Nototriton,Nototriton picadoi,1,44,131,953,6748,2431725,2431736,FALSE,Amphibia,NA,Nototriton picadoi,43
2431729,"Nototriton richardi (Taylor, 1949)",Nototriton richardi,SPECIES,ACCEPTED,99,EXACT,Animalia,Chordata,Caudata,Plethodontidae,Nototriton,Nototriton richardi,1,44,131,953,6748,2431725,2431729,FALSE,Amphibia,NA,Nototriton richardi,44
2431740,"Nototriton tapanti Good & Wake, 1993",Nototriton tapanti,SPECIES,ACCEPTED,99,EXACT,Animalia,Chordata,Caudata,Plethodontidae,Nototriton,Nototriton tapanti,1,44,131,953,6748,2431725,2431740,FALSE,Amphibia,NA,Nototriton tapanti,45
2431628,"Oedipina alfaroi Dunn, 1921",Oedipina alfaroi,SPECIES,ACCEPTED,99,EXACT,Animalia,Chordata,Caudata,Plethodontidae,Oedipina,Oedipina alfaroi,1,44,131,953,6748,2431613,2431628,FALSE,Amphibia,NA,Oedipina alfaroi,46
2431614,"Oedipina alleni Taylor, 1954",Oedipina alleni,SPECIES,ACCEPTED,99,EXACT,Animalia,Chordata,Caudata,Plethodontidae,Oedipina,Oedipina alleni,1,44,131,953,6748,2431613,2431614,FALSE,Amphibia,NA,Oedipina alleni,47
2431619,"Oedipina altura Brame, 1968",Oedipina altura,SPECIES,ACCEPTED,99,EXACT,Animalia,Chordata,Caudata,Plethodontidae,Oedipina,Oedipina altura,1,44,131,953,6748,2431613,2431619,FALSE,Amphibia,NA,Oedipina altura,48
8823046,"Oedipina berlini Kubicki, 2016",Oedipina berlini,SPECIES,ACCEPTED,99,EXACT,Animalia,Chordata,Caudata,Plethodontidae,Oedipina,Oedipina berlini,1,44,131,953,6748,2431613,8823046,FALSE,Amphibia,NA,Oedipina berlini,49
2431638,"Oedipina carablanca Brame, 1968",Oedipina carablanca,SPECIES,ACCEPTED,99,EXACT,Animalia,Chordata,Caudata,Plethodontidae,Oedipina,Oedipina carablanca,1,44,131,953,6748,2431613,2431638,FALSE,Amphibia,NA,Oedipina carablanca,50
2431620,"Oedipina collaris (Stejneger, 1907)",Oedipina collaris,SPECIES,ACCEPTED,99,EXACT,Animalia,Chordata,Caudata,Plethodontidae,Oedipina,Oedipina collaris,1,44,131,953,6748,2431613,2431620,FALSE,Amphibia,NA,Oedipina collaris,51
2431629,"Oedipina cyclocauda Taylor, 1952",Oedipina cyclocauda,SPECIES,ACCEPTED,99,EXACT,Animalia,Chordata,Caudata,Plethodontidae,Oedipina,Oedipina cyclocauda,1,44,131,953,6748,2431613,2431629,FALSE,Amphibia,NA,Oedipina cyclocauda,52
2431623,"Oedipina gracilis Taylor, 1952",Oedipina gracilis,SPECIES,ACCEPTED,99,EXACT,Animalia,Chordata,Caudata,Plethodontidae,Oedipina,Oedipina gracilis,1,44,131,953,6748,2431613,2431623,FALSE,Amphibia,NA,Oedipina gracilis,53
2431635,"Oedipina grandis Brame & Duellman, 1970",Oedipina grandis,SPECIES,ACCEPTED,99,EXACT,Animalia,Chordata,Caudata,Plethodontidae,Oedipina,Oedipina grandis,1,44,131,953,6748,2431613,2431635,FALSE,Amphibia,NA,Oedipina grandis,54
8695403,"Oedipina nimaso Boza-Oviedo, Rovito, Chaves, García-Rodríguez, Artavia, Bolaños & Wake, 2012",Oedipina nimaso,SPECIES,ACCEPTED,99,EXACT,Animalia,Chordata,Caudata,Plethodontidae,Oedipina,Oedipina nimaso,1,44,131,953,6748,2431613,8695403,FALSE,Amphibia,NA,Oedipina nimaso,55
2431617,"Oedipina pacificensis Taylor, 1952",Oedipina pacificensis,SPECIES,ACCEPTED,99,EXACT,Animalia,Chordata,Caudata,Plethodontidae,Oedipina,Oedipina pacificensis,1,44,131,953,6748,2431613,2431617,FALSE,Amphibia,NA,Oedipina pacificensis,56
2431641,"Oedipina paucidentata Brame, 1968",Oedipina paucidentata,SPECIES,ACCEPTED,99,EXACT,Animalia,Chordata,Caudata,Plethodontidae,Oedipina,Oedipina paucidentata,1,44,131,953,6748,2431613,2431641,FALSE,Amphibia,NA,Oedipina paucidentata,57
2431631,"Oedipina poelzi Brame, 1963",Oedipina poelzi,SPECIES,ACCEPTED,99,EXACT,Animalia,Chordata,Caudata,Plethodontidae,Oedipina,Oedipina poelzi,1,44,131,953,6748,2431613,2431631,FALSE,Amphibia,NA,Oedipina poelzi,58
2431622,"Oedipina pseudouniformis Brame, 1968",Oedipina pseudouniformis,SPECIES,ACCEPTED,99,EXACT,Animalia,Chordata,Caudata,Plethodontidae,Oedipina,Oedipina pseudouniformis,1,44,131,953,6748,2431613,2431622,FALSE,Amphibia,NA,Oedipina pseudouniformis,59
2431637,"Oedipina savagei García-París & Wake, 2000",Oedipina savagei,SPECIES,ACCEPTED,99,EXACT,Animalia,Chordata,Caudata,Plethodontidae,Oedipina,Oedipina savagei,1,44,131,953,6748,2431613,2431637,FALSE,Amphibia,NA,Oedipina savagei,60
2431615,"Oedipina uniformis Keferstein, 1868",Oedipina uniformis,SPECIES,ACCEPTED,99,EXACT,Animalia,Chordata,Caudata,Plethodontidae,Oedipina,Oedipina uniformis,1,44,131,953,6748,2431613,2431615,FALSE,Amphibia,NA,Oedipina uniformis,61
2426296,"Allobates talamancae (Cope, 1875)",Allobates talamancae,SPECIES,ACCEPTED,99,EXACT,Animalia,Chordata,Anura,Aromobatidae,Allobates,Allobates talamancae,1,44,131,952,3075,2426259,2426296,FALSE,Amphibia,NA,Allobates talamancae,62
5216692,"Atelopus chiriquiensis Shreve, 1936",Atelopus chiriquiensis,SPECIES,ACCEPTED,99,EXACT,Animalia,Chordata,Anura,Bufonidae,Atelopus,Atelopus chiriquiensis,1,44,131,952,6727,2422265,5216692,FALSE,Amphibia,NA,Atelopus chiriquiensis,63
10688104,"Atelopus chirripoensis Savage & Bolaños, 2009",Atelopus chirripoensis,SPECIES,ACCEPTED,99,EXACT,Animalia,Chordata,Anura,Bufonidae,Atelopus,Atelopus chirripoensis,1,44,131,952,6727,2422265,10688104,FALSE,Amphibia,NA,Atelopus chirripoensis,64
5216672,"Atelopus senex Taylor, 1952",Atelopus senex,SPECIES,ACCEPTED,99,EXACT,Animalia,Chordata,Anura,Bufonidae,Atelopus,Atelopus senex,1,44,131,952,6727,2422265,5216672,FALSE,Amphibia,NA,Atelopus senex,65
5216646,"Atelopus varius (Lichtenstein & Martens, 1856)",Atelopus varius,SPECIES,ACCEPTED,99,EXACT,Animalia,Chordata,Anura,Bufonidae,Atelopus,Atelopus varius,1,44,131,952,6727,2422265,5216646,FALSE,Amphibia,NA,Atelopus varius,66
10892611,"Rhinella horribilis (Wiegmann, 1833)",Rhinella horribilis,SPECIES,ACCEPTED,99,EXACT,Animalia,Chordata,Anura,Bufonidae,Rhinella,Rhinella horribilis,1,44,131,952,6727,2422625,10892611,FALSE,Amphibia,NA,Rhinella horribilis,67
10746665,"Incilius chompipe (Vaughan & Mendelson, 2007)",Incilius chompipe,SPECIES,ACCEPTED,99,EXACT,Animalia,Chordata,Anura,Bufonidae,Incilius,Incilius chompipe,1,44,131,952,6727,2422364,10746665,FALSE,Amphibia,NA,Incilius chompipe,68
10863510,"Incilius epioticus (Cope, 1875)",Incilius epioticus,SPECIES,ACCEPTED,99,EXACT,Animalia,Chordata,Anura,Bufonidae,Incilius,Incilius epioticus,1,44,131,952,6727,2422364,10863510,FALSE,Amphibia,NA,Incilius epioticus,69
10727066,"Incilius guanacaste (Vaughan & Mendelson, 2007)",Incilius guanacaste,SPECIES,ACCEPTED,99,EXACT,Animalia,Chordata,Anura,Bufonidae,Incilius,Incilius guanacaste,1,44,131,952,6727,2422364,10727066,FALSE,Amphibia,NA,Incilius guanacaste,70
2422403,"Incilius aucoinae (O'Neill & Mendelson, 2004)",Incilius aucoinae,SPECIES,ACCEPTED,99,EXACT,Animalia,Chordata,Anura,Bufonidae,Incilius,Incilius aucoinae,1,44,131,952,6727,2422364,2422403,FALSE,Amphibia,NA,Incilius aucoinae,71
2422446,"Incilius coccifer (Cope, 1866)",Incilius coccifer,SPECIES,ACCEPTED,99,EXACT,Animalia,Chordata,Anura,Bufonidae,Incilius,Incilius coccifer,1,44,131,952,6727,2422364,2422446,FALSE,Amphibia,NA,Incilius coccifer,72
2422413,"Incilius coniferus (Cope, 1862)",Incilius coniferus,SPECIES,ACCEPTED,99,EXACT,Animalia,Chordata,Anura,Bufonidae,Incilius,Incilius coniferus,1,44,131,952,6727,2422364,2422413,FALSE,Amphibia,NA,Incilius coniferus,73
2422421,"Incilius fastidiosus (Cope, 1875)",Incilius fastidiosus,SPECIES,ACCEPTED,99,EXACT,Animalia,Chordata,Anura,Bufonidae,Incilius,Incilius fastidiosus,1,44,131,952,6727,2422364,2422421,FALSE,Amphibia,NA,Incilius fastidiosus,74
2422371,"Incilius holdridgei (Taylor, 1952)",Incilius holdridgei,SPECIES,ACCEPTED,99,EXACT,Animalia,Chordata,Anura,Bufonidae,Incilius,Incilius holdridgei,1,44,131,952,6727,2422364,2422371,FALSE,Amphibia,NA,Incilius holdridgei,75
2422430,"Incilius luetkenii (Boulenger, 1891)",Incilius luetkenii,SPECIES,ACCEPTED,99,EXACT,Animalia,Chordata,Anura,Bufonidae,Incilius,Incilius luetkenii,1,44,131,952,6727,2422364,2422430,FALSE,Amphibia,NA,Incilius luetkenii,76
2422437,"Incilius melanochlorus (Cope, 1877)",Incilius melanochlorus,SPECIES,ACCEPTED,99,EXACT,Animalia,Chordata,Anura,Bufonidae,Incilius,Incilius melanochlorus,1,44,131,952,6727,2422364,2422437,FALSE,Amphibia,NA,Incilius melanochlorus,77
2422444,"Incilius periglenes (Savage, 1967)",Incilius periglenes,SPECIES,ACCEPTED,99,EXACT,Animalia,Chordata,Anura,Bufonidae,Incilius,Incilius periglenes,1,44,131,952,6727,2422364,2422444,FALSE,Amphibia,NA,Incilius periglenes,78
2422389,"Incilius valliceps (Wiegmann, 1833)",Incilius valliceps,SPECIES,ACCEPTED,99,EXACT,Animalia,Chordata,Anura,Bufonidae,Incilius,Incilius valliceps,1,44,131,952,6727,2422364,2422389,FALSE,Amphibia,NA,Incilius valliceps,79
2423160,"Rhaebo haematiticus (Cope, 1862)",Rhaebo haematiticus,SPECIES,ACCEPTED,99,EXACT,Animalia,Chordata,Anura,Bufonidae,Rhaebo,Rhaebo haematiticus,1,44,131,952,6727,2423143,2423160,FALSE,Amphibia,NA,Rhaebo haematiticus,80
2429405,"Cochranella euknemos (Savage & Starrett, 1967)",Cochranella euknemos,SPECIES,ACCEPTED,99,EXACT,Animalia,Chordata,Anura,Centrolenidae,Cochranella,Cochranella euknemos,1,44,131,952,6728,11014084,2429405,FALSE,Amphibia,NA,Cochranella euknemos,81
2429445,"Cochranella granulosa (Taylor, 1949)",Cochranella granulosa,SPECIES,ACCEPTED,99,EXACT,Animalia,Chordata,Anura,Centrolenidae,Cochranella,Cochranella granulosa,1,44,131,952,6728,11014084,2429445,FALSE,Amphibia,NA,Cochranella granulosa,82
9132909,"Espadarana prosoblepon (Boettger, 1892)",Espadarana prosoblepon,SPECIES,ACCEPTED,99,EXACT,Animalia,Chordata,Anura,Centrolenidae,Espadarana,Espadarana prosoblepon,1,44,131,952,6728,4816850,9132909,FALSE,Amphibia,NA,Espadarana prosoblepon,83
2429320,"Hyalinobatrachium chirripoi (Taylor, 1958)",Hyalinobatrachium chirripoi,SPECIES,ACCEPTED,99,EXACT,Animalia,Chordata,Anura,Centrolenidae,Hyalinobatrachium,Hyalinobatrachium chirripoi,1,44,131,952,6728,2428199,2429320,FALSE,Amphibia,NA,Hyalinobatrachium chirripoi,84
2429306,"Hyalinobatrachium colymbiphyllum (Taylor, 1949)",Hyalinobatrachium colymbiphyllum,SPECIES,ACCEPTED,99,EXACT,Animalia,Chordata,Anura,Centrolenidae,Hyalinobatrachium,Hyalinobatrachium colymbiphyllum,1,44,131,952,6728,2428199,2429306,FALSE,Amphibia,NA,Hyalinobatrachium colymbiphyllum,85
2429316,"Hyalinobatrachium fleischmanni (Boettger, 1893)",Hyalinobatrachium fleischmanni,SPECIES,ACCEPTED,99,EXACT,Animalia,Chordata,Anura,Centrolenidae,Hyalinobatrachium,Hyalinobatrachium fleischmanni,1,44,131,952,6728,2428199,2429316,FALSE,Amphibia,NA,Hyalinobatrachium fleischmanni,86
2429334,"Hyalinobatrachium talamancae (Taylor, 1952)",Hyalinobatrachium talamancae,SPECIES,ACCEPTED,99,EXACT,Animalia,Chordata,Anura,Centrolenidae,Hyalinobatrachium,Hyalinobatrachium talamancae,1,44,131,952,6728,2428199,2429334,FALSE,Amphibia,NA,Hyalinobatrachium talamancae,87
2429295,"Hyalinobatrachium valerioi (Dunn, 1931)",Hyalinobatrachium valerioi,SPECIES,ACCEPTED,99,EXACT,Animalia,Chordata,Anura,Centrolenidae,Hyalinobatrachium,Hyalinobatrachium valerioi,1,44,131,952,6728,2428199,2429295,FALSE,Amphibia,NA,Hyalinobatrachium valerioi,88
2429329,"Hyalinobatrachium vireovittatum (Starrett & Savage, 1973)",Hyalinobatrachium vireovittatum,SPECIES,ACCEPTED,99,EXACT,Animalia,Chordata,Anura,Centrolenidae,Hyalinobatrachium,Hyalinobatrachium vireovittatum,1,44,131,952,6728,2428199,2429329,FALSE,Amphibia,NA,Hyalinobatrachium vireovittatum,89
9244539,"Hyalinobatrachium dianae Kubicki, Salazar & Puschendorf, 2015",Hyalinobatrachium dianae,SPECIES,ACCEPTED,99,EXACT,Animalia,Chordata,Anura,Centrolenidae,Hyalinobatrachium,Hyalinobatrachium dianae,1,44,131,952,6728,2428199,9244539,FALSE,Amphibia,NA,Hyalinobatrachium dianae,90
8883048,"Sachatamia albomaculata (Taylor, 1949)",Sachatamia albomaculata,SPECIES,ACCEPTED,99,EXACT,Animalia,Chordata,Anura,Centrolenidae,Sachatamia,Sachatamia albomaculata,1,44,131,952,6728,4816853,8883048,FALSE,Amphibia,NA,Sachatamia albomaculata,91
9987236,"Sachatamia ilex (Savage, 1967)",Sachatamia ilex,SPECIES,ACCEPTED,99,EXACT,Animalia,Chordata,Anura,Centrolenidae,Sachatamia,Sachatamia ilex,1,44,131,952,6728,4816853,9987236,FALSE,Amphibia,NA,Sachatamia ilex,92
10825626,"Teratohyla pulverata (Peters, 1873)",Teratohyla pulverata,SPECIES,ACCEPTED,99,EXACT,Animalia,Chordata,Anura,Centrolenidae,Teratohyla,Teratohyla pulverata,1,44,131,952,6728,2429293,10825626,FALSE,Amphibia,NA,Teratohyla pulverata,93
2429432,"Teratohyla spinosa (Taylor, 1949)",Teratohyla spinosa,SPECIES,ACCEPTED,99,EXACT,Animalia,Chordata,Anura,Centrolenidae,Teratohyla,Teratohyla spinosa,1,44,131,952,6728,2429293,2429432,FALSE,Amphibia,NA,Teratohyla spinosa,94
10062508,"Craugastor aenigmaticus Arias, Chaves & Parra-Olea, 2018",Craugastor aenigmaticus,SPECIES,ACCEPTED,99,EXACT,Animalia,Chordata,Anura,Craugastoridae,Craugastor,Craugastor aenigmaticus,1,44,131,952,6730,2426022,10062508,FALSE,Amphibia,NA,Craugastor aenigmaticus,95
2430837,"Craugastor andi (Savage, 1974)",Craugastor andi,SPECIES,ACCEPTED,99,EXACT,Animalia,Chordata,Anura,Craugastoridae,Craugastor,Craugastor andi,1,44,131,952,6730,2426022,2430837,FALSE,Amphibia,NA,Craugastor andi,96
2430823,"Craugastor angelicus (Savage, 1975)",Craugastor angelicus,SPECIES,ACCEPTED,99,EXACT,Animalia,Chordata,Anura,Craugastoridae,Craugastor,Craugastor angelicus,1,44,131,952,6730,2426022,2430823,FALSE,Amphibia,NA,Craugastor angelicus,97
2430571,"Craugastor bransfordii (Cope, 1886)",Craugastor bransfordii,SPECIES,ACCEPTED,99,EXACT,Animalia,Chordata,Anura,Craugastoridae,Craugastor,Craugastor bransfordii,1,44,131,952,6730,2426022,2430571,FALSE,Amphibia,NA,Craugastor bransfordii,98
2430819,"Craugastor catalinae (Campbell & Savage, 2000)",Craugastor catalinae,SPECIES,ACCEPTED,99,EXACT,Animalia,Chordata,Anura,Craugastoridae,Craugastor,Craugastor catalinae,1,44,131,952,6730,2426022,2430819,FALSE,Amphibia,NA,Craugastor catalinae,99
2430627,"Craugastor crassidigitus (Taylor, 1952)",Craugastor crassidigitus,SPECIES,ACCEPTED,99,EXACT,Animalia,Chordata,Anura,Craugastoridae,Craugastor,Craugastor crassidigitus,1,44,131,952,6730,2426022,2430627,FALSE,Amphibia,NA,Craugastor crassidigitus,100
2430869,"Craugastor cuaquero (Savage, 1980)",Craugastor cuaquero,SPECIES,ACCEPTED,99,EXACT,Animalia,Chordata,Anura,Craugastoridae,Craugastor,Craugastor cuaquero,1,44,131,952,6730,2426022,2430869,FALSE,Amphibia,NA,Craugastor cuaquero,101
2430668,"Craugastor escoces (Savage, 1975)",Craugastor escoces,SPECIES,ACCEPTED,99,EXACT,Animalia,Chordata,Anura,Craugastoridae,Craugastor,Craugastor escoces,1,44,131,952,6730,2426022,2430668,FALSE,Amphibia,NA,Craugastor escoces,102
2430621,"Craugastor fitzingeri (Schmidt, 1857)",Craugastor fitzingeri,SPECIES,ACCEPTED,99,EXACT,Animalia,Chordata,Anura,Craugastoridae,Craugastor,Craugastor fitzingeri,1,44,131,952,6730,2426022,2430621,FALSE,Amphibia,NA,Craugastor fitzingeri,103
2430594,"Craugastor fleischmanni (Boettger, 1892)",Craugastor fleischmanni,SPECIES,ACCEPTED,99,EXACT,Animalia,Chordata,Anura,Craugastoridae,Craugastor,Craugastor fleischmanni,1,44,131,952,6730,2426022,2430594,FALSE,Amphibia,NA,Craugastor fleischmanni,104
8696039,"Craugastor gabbi Arias, Chaves, Crawford & Parra-Olea, 2016",Craugastor gabbi,SPECIES,ACCEPTED,99,EXACT,Animalia,Chordata,Anura,Craugastoridae,Craugastor,Craugastor gabbi,1,44,131,952,6730,2426022,8696039,FALSE,Amphibia,NA,Craugastor gabbi,105
2430828,"Craugastor gollmeri (Peters, 1863)",Craugastor gollmeri,SPECIES,ACCEPTED,99,EXACT,Animalia,Chordata,Anura,Craugastoridae,Craugastor,Craugastor gollmeri,1,44,131,952,6730,2426022,2430828,FALSE,Amphibia,NA,Craugastor gollmeri,106
2430711,"Craugastor gulosus (Cope, 1875)",Craugastor gulosus,SPECIES,ACCEPTED,99,EXACT,Animalia,Chordata,Anura,Craugastoridae,Craugastor,Craugastor gulosus,1,44,131,952,6730,2426022,2430711,FALSE,Amphibia,NA,Craugastor gulosus,107
2430709,"Craugastor megacephalus (Cope, 1875)",Craugastor megacephalus,SPECIES,ACCEPTED,99,EXACT,Animalia,Chordata,Anura,Craugastoridae,Craugastor,Craugastor megacephalus,1,44,131,952,6730,2426022,2430709,FALSE,Amphibia,NA,Craugastor megacephalus,108
2430658,"Craugastor melanostictus (Cope, 1875)",Craugastor melanostictus,SPECIES,ACCEPTED,99,EXACT,Animalia,Chordata,Anura,Craugastoridae,Craugastor,Craugastor melanostictus,1,44,131,952,6730,2426022,2430658,FALSE,Amphibia,NA,Craugastor melanostictus,109
2430858,"Craugastor mimus (Taylor, 1955)",Craugastor mimus,SPECIES,ACCEPTED,99,EXACT,Animalia,Chordata,Anura,Craugastoridae,Craugastor,Craugastor mimus,1,44,131,952,6730,2426022,2430858,FALSE,Amphibia,NA,Craugastor mimus,110
2430707,"Craugastor noblei (Barbour & Dunn, 1921)",Craugastor noblei,SPECIES,ACCEPTED,99,EXACT,Animalia,Chordata,Anura,Craugastoridae,Craugastor,Craugastor noblei,1,44,131,952,6730,2426022,2430707,FALSE,Amphibia,NA,Craugastor noblei,111
2430689,"Craugastor obesus (Barbour, 1928)",Craugastor obesus,SPECIES,ACCEPTED,99,EXACT,Animalia,Chordata,Anura,Craugastoridae,Craugastor,Craugastor obesus,1,44,131,952,6730,2426022,2430689,FALSE,Amphibia,NA,Craugastor obesus,112
2430723,"Craugastor persimilis (Barbour, 1926)",Craugastor persimilis,SPECIES,ACCEPTED,99,EXACT,Animalia,Chordata,Anura,Craugastoridae,Craugastor,Craugastor persimilis,1,44,131,952,6730,2426022,2430723,FALSE,Amphibia,NA,Craugastor persimilis,113
2430703,"Craugastor phasma (Lips & Savage, 1996)",Craugastor phasma,SPECIES,ACCEPTED,99,EXACT,Animalia,Chordata,Anura,Craugastoridae,Craugastor,Craugastor phasma,1,44,131,952,6730,2426022,2430703,FALSE,Amphibia,NA,Craugastor phasma,114
2430685,"Craugastor podiciferus (Cope, 1875)",Craugastor podiciferus,SPECIES,ACCEPTED,99,EXACT,Animalia,Chordata,Anura,Craugastoridae,Craugastor,Craugastor podiciferus,1,44,131,952,6730,2426022,2430685,FALSE,Amphibia,NA,Craugastor podiciferus,115
2430629,"Craugastor polyptychus (Cope, 1886)",Craugastor polyptychus,SPECIES,ACCEPTED,99,EXACT,Animalia,Chordata,Anura,Craugastoridae,Craugastor,Craugastor polyptychus,1,44,131,952,6730,2426022,2430629,FALSE,Amphibia,NA,Craugastor polyptychus,116
2430717,"Craugastor ranoides (Cope, 1886)",Craugastor ranoides,SPECIES,ACCEPTED,99,EXACT,Animalia,Chordata,Anura,Craugastoridae,Craugastor,Craugastor ranoides,1,44,131,952,6730,2426022,2430717,FALSE,Amphibia,NA,Craugastor ranoides,117
2430699,"Craugastor rayo (Savage & DeWeese, 1979)",Craugastor rayo,SPECIES,ACCEPTED,99,EXACT,Animalia,Chordata,Anura,Craugastoridae,Craugastor,Craugastor rayo,1,44,131,952,6730,2426022,2430699,FALSE,Amphibia,NA,Craugastor rayo,118
2430648,"Craugastor rhyacobatrachus (Campbell & Savage, 2000)",Craugastor rhyacobatrachus,SPECIES,ACCEPTED,99,EXACT,Animalia,Chordata,Anura,Craugastoridae,Craugastor,Craugastor rhyacobatrachus,1,44,131,952,6730,2426022,2430648,FALSE,Amphibia,NA,Craugastor rhyacobatrachus,119
2430850,"Craugastor rugosus (Peters, 1873)",Craugastor rugosus,SPECIES,ACCEPTED,99,EXACT,Animalia,Chordata,Anura,Craugastoridae,Craugastor,Craugastor rugosus,1,44,131,952,6730,2426022,2430850,FALSE,Amphibia,NA,Craugastor rugosus,120
2430864,"Craugastor stejnegerianus (Cope, 1893)",Craugastor stejnegerianus,SPECIES,ACCEPTED,99,EXACT,Animalia,Chordata,Anura,Craugastoridae,Craugastor,Craugastor stejnegerianus,1,44,131,952,6730,2426022,2430864,FALSE,Amphibia,NA,Craugastor stejnegerianus,121
2430811,"Craugastor talamancae (Dunn, 1931)",Craugastor talamancae,SPECIES,ACCEPTED,99,EXACT,Animalia,Chordata,Anura,Craugastoridae,Craugastor,Craugastor talamancae,1,44,131,952,6730,2426022,2430811,FALSE,Amphibia,NA,Craugastor talamancae,122
2430749,"Craugastor taurus (Taylor, 1958)",Craugastor taurus,SPECIES,ACCEPTED,99,EXACT,Animalia,Chordata,Anura,Craugastoridae,Craugastor,Craugastor taurus,1,44,131,952,6730,2426022,2430749,FALSE,Amphibia,NA,Craugastor taurus,123
2430664,"Craugastor underwoodi (Boulenger, 1896)",Craugastor underwoodi,SPECIES,ACCEPTED,99,EXACT,Animalia,Chordata,Anura,Craugastoridae,Craugastor,Craugastor underwoodi,1,44,131,952,6730,2426022,2430664,FALSE,Amphibia,NA,Craugastor underwoodi,124
10749540,"Craugastor zunigai Arias, Hertz & Parra-Olea, 2019",Craugastor zunigai,SPECIES,ACCEPTED,99,EXACT,Animalia,Chordata,Anura,Craugastoridae,Craugastor,Craugastor zunigai,1,44,131,952,6730,2426022,10749540,FALSE,Amphibia,NA,Craugastor zunigai,125
2425778,"Pristimantis altae (Dunn, 1942)",Pristimantis altae,SPECIES,ACCEPTED,99,EXACT,Animalia,Chordata,Anura,Craugastoridae,Pristimantis,Pristimantis altae,1,44,131,952,6730,2424987,2425778,FALSE,Amphibia,NA,Pristimantis altae,126
2425474,"Pristimantis caryophyllaceus (Barbour, 1928)",Pristimantis caryophyllaceus,SPECIES,ACCEPTED,99,EXACT,Animalia,Chordata,Anura,Craugastoridae,Pristimantis,Pristimantis caryophyllaceus,1,44,131,952,6730,2424987,2425474,FALSE,Amphibia,NA,Pristimantis caryophyllaceus,127
2425406,"Pristimantis cerasinus (Cope, 1875)",Pristimantis cerasinus,SPECIES,ACCEPTED,99,EXACT,Animalia,Chordata,Anura,Craugastoridae,Pristimantis,Pristimantis cerasinus,1,44,131,952,6730,2424987,2425406,FALSE,Amphibia,NA,Pristimantis cerasinus,128
2425721,"Pristimantis cruentus (Peters, 1873)",Pristimantis cruentus,SPECIES,ACCEPTED,99,EXACT,Animalia,Chordata,Anura,Craugastoridae,Pristimantis,Pristimantis cruentus,1,44,131,952,6730,2424987,2425721,FALSE,Amphibia,NA,Pristimantis cruentus,129
5785494,"Pristimantis gaigeae (Dunn, 1931)",Pristimantis gaigeae,SPECIES,SYNONYM,98,EXACT,Animalia,Chordata,Anura,Craugastoridae,Pristimantis,Pristimantis gaigei,1,44,131,952,6730,2424987,2425649,TRUE,Amphibia,2425649,Pristimantis gaigeae,130
2425547,"Pristimantis moro (Savage, 1965)",Pristimantis moro,SPECIES,ACCEPTED,99,EXACT,Animalia,Chordata,Anura,Craugastoridae,Pristimantis,Pristimantis moro,1,44,131,952,6730,2424987,2425547,FALSE,Amphibia,NA,Pristimantis moro,131
2425848,"Pristimantis pardalis (Barbour, 1928)",Pristimantis pardalis,SPECIES,ACCEPTED,99,EXACT,Animalia,Chordata,Anura,Craugastoridae,Pristimantis,Pristimantis pardalis,1,44,131,952,6730,2424987,2425848,FALSE,Amphibia,NA,Pristimantis pardalis,132
2425583,"Pristimantis ridens (Cope, 1866)",Pristimantis ridens,SPECIES,ACCEPTED,99,EXACT,Animalia,Chordata,Anura,Craugastoridae,Pristimantis,Pristimantis ridens,1,44,131,952,6730,2424987,2425583,FALSE,Amphibia,NA,Pristimantis ridens,133
2425333,"Pristimantis taeniatus (Boulenger, 1912)",Pristimantis taeniatus,SPECIES,ACCEPTED,99,EXACT,Animalia,Chordata,Anura,Craugastoridae,Pristimantis,Pristimantis taeniatus,1,44,131,952,6730,2424987,2425333,FALSE,Amphibia,NA,Pristimantis taeniatus,134
2425982,"Strabomantis bufoniformis (Boulenger, 1896)",Strabomantis bufoniformis,SPECIES,ACCEPTED,99,EXACT,Animalia,Chordata,Anura,Craugastoridae,Strabomantis,Strabomantis bufoniformis,1,44,131,952,6730,2425935,2425982,FALSE,Amphibia,NA,Strabomantis bufoniformis,135
5218022,"Dendrobates auratus (Girard, 1855)",Dendrobates auratus,SPECIES,ACCEPTED,99,EXACT,Animalia,Chordata,Anura,Dendrobatidae,Dendrobates,Dendrobates auratus,1,44,131,952,6732,2429066,5218022,FALSE,Amphibia,NA,Dendrobates auratus,136
2429142,"Oophaga granulifera (Taylor, 1958)",Oophaga granulifera,SPECIES,ACCEPTED,99,EXACT,Animalia,Chordata,Anura,Dendrobatidae,Oophaga,Oophaga granulifera,1,44,131,952,6732,2429134,2429142,FALSE,Amphibia,NA,Oophaga granulifera,137
2429135,"Oophaga pumilio (Schmidt, 1857)",Oophaga pumilio,SPECIES,ACCEPTED,99,EXACT,Animalia,Chordata,Anura,Dendrobatidae,Oophaga,Oophaga pumilio,1,44,131,952,6732,2429134,2429135,FALSE,Amphibia,NA,Oophaga pumilio,138
5218017,"Phyllobates lugubris (Schmidt, 1857)",Phyllobates lugubris,SPECIES,ACCEPTED,99,EXACT,Animalia,Chordata,Anura,Dendrobatidae,Phyllobates,Phyllobates lugubris,1,44,131,952,6732,2424031,5218017,FALSE,Amphibia,NA,Phyllobates lugubris,139
5218018,"Phyllobates vittatus (Cope, 1893)",Phyllobates vittatus,SPECIES,ACCEPTED,99,EXACT,Animalia,Chordata,Anura,Dendrobatidae,Phyllobates,Phyllobates vittatus,1,44,131,952,6732,2424031,5218018,FALSE,Amphibia,NA,Phyllobates vittatus,140
2429064,"Silverstoneia flotator (Dunn, 1931)",Silverstoneia flotator,SPECIES,ACCEPTED,99,EXACT,Animalia,Chordata,Anura,Dendrobatidae,Silverstoneia,Silverstoneia flotator,1,44,131,952,6732,2429059,2429064,FALSE,Amphibia,NA,Silverstoneia flotator,141
2429060,"Silverstoneia nubicola (Dunn, 1924)",Silverstoneia nubicola,SPECIES,ACCEPTED,99,EXACT,Animalia,Chordata,Anura,Dendrobatidae,Silverstoneia,Silverstoneia nubicola,1,44,131,952,6732,2429059,2429060,FALSE,Amphibia,NA,Silverstoneia nubicola,142
10282250,"Diasporus amirae Arias, Chaves, Salazar, Salazar-Zúñiga & García-Rodríguez, 2019",Diasporus amirae,SPECIES,ACCEPTED,99,EXACT,Animalia,Chordata,Anura,Eleutherodactylidae,Diasporus,Diasporus amirae,1,44,131,952,3082,2424007,10282250,FALSE,Amphibia,NA,Diasporus amirae,143
2424012,"Diasporus diastema (Cope, 1875)",Diasporus diastema,SPECIES,ACCEPTED,99,EXACT,Animalia,Chordata,Anura,Eleutherodactylidae,Diasporus,Diasporus diastema,1,44,131,952,3082,2424007,2424012,FALSE,Amphibia,NA,Diasporus diastema,144
2424010,"Diasporus hylaeformis (Cope, 1875)",Diasporus hylaeformis,SPECIES,ACCEPTED,99,EXACT,Animalia,Chordata,Anura,Eleutherodactylidae,Diasporus,Diasporus hylaeformis,1,44,131,952,3082,2424007,2424010,FALSE,Amphibia,NA,Diasporus hylaeformis,145
2424014,"Diasporus tigrillo (Savage, 1997)",Diasporus tigrillo,SPECIES,ACCEPTED,99,EXACT,Animalia,Chordata,Anura,Eleutherodactylidae,Diasporus,Diasporus tigrillo,1,44,131,952,3082,2424007,2424014,FALSE,Amphibia,NA,Diasporus tigrillo,146
8578592,"Diasporus ventrimaculatus Chaves, García-Rodríguez, Mora & Leal, 2009",Diasporus ventrimaculatus,SPECIES,ACCEPTED,99,EXACT,Animalia,Chordata,Anura,Eleutherodactylidae,Diasporus,Diasporus ventrimaculatus,1,44,131,952,3082,2424007,8578592,FALSE,Amphibia,NA,Diasporus ventrimaculatus,147
2424018,"Diasporus vocator (Taylor, 1955)",Diasporus vocator,SPECIES,ACCEPTED,99,EXACT,Animalia,Chordata,Anura,Eleutherodactylidae,Diasporus,Diasporus vocator,1,44,131,952,3082,2424007,2424018,FALSE,Amphibia,NA,Diasporus vocator,148
2424091,"Eleutherodactylus coqui Thomas, 1966",Eleutherodactylus coqui,SPECIES,ACCEPTED,99,EXACT,Animalia,Chordata,Anura,Eleutherodactylidae,Eleutherodactylus,Eleutherodactylus coqui,1,44,131,952,3082,2424035,2424091,FALSE,Amphibia,NA,Eleutherodactylus coqui,149
2424120,"Eleutherodactylus johnstonei Barbour, 1914",Eleutherodactylus johnstonei,SPECIES,ACCEPTED,99,EXACT,Animalia,Chordata,Anura,Eleutherodactylidae,Eleutherodactylus,Eleutherodactylus johnstonei,1,44,131,952,3082,2424035,2424120,FALSE,Amphibia,NA,Eleutherodactylus johnstonei,150
2424089,"Eleutherodactylus planirostris (Cope, 1862)",Eleutherodactylus planirostris,SPECIES,ACCEPTED,99,EXACT,Animalia,Chordata,Anura,Eleutherodactylidae,Eleutherodactylus,Eleutherodactylus planirostris,1,44,131,952,3082,2424035,2424089,FALSE,Amphibia,NA,Eleutherodactylus planirostris,151
5218162,"Gastrotheca cornuta (Boulenger, 1898)",Gastrotheca cornuta,SPECIES,ACCEPTED,99,EXACT,Animalia,Chordata,Anura,Hemiphractidae,Gastrotheca,Gastrotheca cornuta,1,44,131,952,6734,2430015,5218162,FALSE,Amphibia,NA,Gastrotheca cornuta,152
2428195,"Agalychnis annae (Duellman, 1963)",Agalychnis annae,SPECIES,ACCEPTED,99,EXACT,Animalia,Chordata,Anura,Phyllomedusidae,Agalychnis,Agalychnis annae,1,44,131,952,4817115,2428191,2428195,FALSE,Amphibia,NA,Agalychnis annae,153
2428197,"Agalychnis callidryas (Cope, 1862)",Agalychnis callidryas,SPECIES,ACCEPTED,99,EXACT,Animalia,Chordata,Anura,Phyllomedusidae,Agalychnis,Agalychnis callidryas,1,44,131,952,4817115,2428191,2428197,FALSE,Amphibia,NA,Agalychnis callidryas,154
10050363,"Agalychnis lemur (Boulenger, 1882)",Agalychnis lemur,SPECIES,ACCEPTED,99,EXACT,Animalia,Chordata,Anura,Phyllomedusidae,Agalychnis,Agalychnis lemur,1,44,131,952,4817115,2428191,10050363,FALSE,Amphibia,NA,Agalychnis lemur,155
2428194,"Agalychnis saltator Taylor, 1955",Agalychnis saltator,SPECIES,ACCEPTED,99,EXACT,Animalia,Chordata,Anura,Phyllomedusidae,Agalychnis,Agalychnis saltator,1,44,131,952,4817115,2428191,2428194,FALSE,Amphibia,NA,Agalychnis saltator,156
2428192,"Agalychnis spurrelli Boulenger, 1913",Agalychnis spurrelli,SPECIES,ACCEPTED,99,EXACT,Animalia,Chordata,Anura,Phyllomedusidae,Agalychnis,Agalychnis spurrelli,1,44,131,952,4817115,2428191,2428192,FALSE,Amphibia,NA,Agalychnis spurrelli,157
2428362,"Cruziohyla calcarifer (Boulenger, 1902)",Cruziohyla calcarifer,SPECIES,ACCEPTED,99,EXACT,Animalia,Chordata,Anura,Phyllomedusidae,Cruziohyla,Cruziohyla calcarifer,1,44,131,952,4817115,2428361,2428362,FALSE,Amphibia,NA,Cruziohyla calcarifer,158
10071184,"Cruziohyla sylviae Gray, 2018",Cruziohyla sylviae,SPECIES,ACCEPTED,99,EXACT,Animalia,Chordata,Anura,Phyllomedusidae,Cruziohyla,Cruziohyla sylviae,1,44,131,952,4817115,2428361,10071184,FALSE,Amphibia,NA,Cruziohyla sylviae,159
10729529,"Triprion spinosus (Steindachner, 1864)",Triprion spinosus,SPECIES,ACCEPTED,85,FUZZY,Animalia,Chordata,Anura,Hylidae,Triprion,Triprion spinosus,1,44,131,952,6735,2427666,10729529,FALSE,Amphibia,NA,Tripion spinosus,160
2428420,"Dendropsophus ebraccatus (Cope, 1874)",Dendropsophus ebraccatus,SPECIES,ACCEPTED,99,EXACT,Animalia,Chordata,Anura,Hylidae,Dendropsophus,Dendropsophus ebraccatus,1,44,131,952,6735,2428387,2428420,FALSE,Amphibia,NA,Dendropsophus ebraccatus,161
2428504,"Dendropsophus microcephalus (Cope, 1886)",Dendropsophus microcephalus,SPECIES,ACCEPTED,99,EXACT,Animalia,Chordata,Anura,Hylidae,Dendropsophus,Dendropsophus microcephalus,1,44,131,952,6735,2428387,2428504,FALSE,Amphibia,NA,Dendropsophus microcephalus,162
2428571,"Dendropsophus phlebodes (Stejneger, 1906)",Dendropsophus phlebodes,SPECIES,ACCEPTED,99,EXACT,Animalia,Chordata,Anura,Hylidae,Dendropsophus,Dendropsophus phlebodes,1,44,131,952,6735,2428387,2428571,FALSE,Amphibia,NA,Dendropsophus phlebodes,163
2427651,"Duellmanohyla lythrodes (Savage, 1968)",Duellmanohyla lythrodes,SPECIES,ACCEPTED,99,EXACT,Animalia,Chordata,Anura,Hylidae,Duellmanohyla,Duellmanohyla lythrodes,1,44,131,952,6735,2427645,2427651,FALSE,Amphibia,NA,Duellmanohyla lythrodes,164
2427647,"Duellmanohyla rufioculis (Taylor, 1952)",Duellmanohyla rufioculis,SPECIES,ACCEPTED,99,EXACT,Animalia,Chordata,Anura,Hylidae,Duellmanohyla,Duellmanohyla rufioculis,1,44,131,952,6735,2427645,2427647,FALSE,Amphibia,NA,Duellmanohyla rufioculis,165
2427650,"Duellmanohyla uranochroa (Cope, 1875)",Duellmanohyla uranochroa,SPECIES,ACCEPTED,99,EXACT,Animalia,Chordata,Anura,Hylidae,Duellmanohyla,Duellmanohyla uranochroa,1,44,131,952,6735,2427645,2427650,FALSE,Amphibia,NA,Duellmanohyla uranochroa,166
2428664,"Ecnomiohyla fimbrimembra (Taylor, 1948)",Ecnomiohyla fimbrimembra,SPECIES,ACCEPTED,99,EXACT,Animalia,Chordata,Anura,Hylidae,Ecnomiohyla,Ecnomiohyla fimbrimembra,1,44,131,952,6735,2428647,2428664,FALSE,Amphibia,NA,Ecnomiohyla fimbrimembra,167
2428656,"Ecnomiohyla miliaria (Cope, 1886)",Ecnomiohyla miliaria,SPECIES,ACCEPTED,99,EXACT,Animalia,Chordata,Anura,Hylidae,Ecnomiohyla,Ecnomiohyla miliaria,1,44,131,952,6735,2428647,2428656,FALSE,Amphibia,NA,Ecnomiohyla miliaria,168
8237436,"Ecnomiohyla sukia Savage & Kubicki, 2010",Ecnomiohyla sukia,SPECIES,ACCEPTED,99,EXACT,Animalia,Chordata,Anura,Hylidae,Ecnomiohyla,Ecnomiohyla sukia,1,44,131,952,6735,2428647,8237436,FALSE,Amphibia,NA,Ecnomiohyla sukia,169
7951821,"Ecnomiohyla bailarina Batista, Hertz, Mebert, Köhler, Lotzkat, Ponce & Vesely, 2014",Ecnomiohyla bailarina,SPECIES,ACCEPTED,99,EXACT,Animalia,Chordata,Anura,Hylidae,Ecnomiohyla,Ecnomiohyla bailarina,1,44,131,952,6735,2428647,7951821,FALSE,Amphibia,NA,Ecnomiohyla bailarina,170
7377649,"Ecnomiohyla veraguensis Batista, Hertz, Mebert, Köhler, Lotzkat, Ponce & Vesely, 2014",Ecnomiohyla veraguensis,SPECIES,ACCEPTED,99,EXACT,Animalia,Chordata,Anura,Hylidae,Ecnomiohyla,Ecnomiohyla veraguensis,1,44,131,952,6735,2428647,7377649,FALSE,Amphibia,NA,Ecnomiohyla veraguensis,171
2428319,"Hyloscirtus colymba (Dunn, 1931)",Hyloscirtus colymba,SPECIES,ACCEPTED,99,EXACT,Animalia,Chordata,Anura,Hylidae,Hyloscirtus,Hyloscirtus colymba,1,44,131,952,6735,2428285,2428319,FALSE,Amphibia,NA,Hyloscirtus colymba,172
2428325,"Hyloscirtus palmeri (Boulenger, 1908)",Hyloscirtus palmeri,SPECIES,ACCEPTED,99,EXACT,Animalia,Chordata,Anura,Hylidae,Hyloscirtus,Hyloscirtus palmeri,1,44,131,952,6735,2428285,2428325,FALSE,Amphibia,NA,Hyloscirtus palmeri,173
10826642,"Boana rosenbergi (Boulenger, 1898)",Boana rosenbergi,SPECIES,ACCEPTED,99,EXACT,Animalia,Chordata,Anura,Hylidae,Boana,Boana rosenbergi,1,44,131,952,6735,2427608,10826642,FALSE,Amphibia,NA,Boana rosenbergi,174
10883886,"Boana rufitela (Fouquette, 1961)",Boana rufitela,SPECIES,ACCEPTED,99,EXACT,Animalia,Chordata,Anura,Hylidae,Boana,Boana rufitela,1,44,131,952,6735,2427608,10883886,FALSE,Amphibia,NA,Boana rufitela,175
2428089,"Isthmohyla angustilineata (Taylor, 1952)",Isthmohyla angustilineata,SPECIES,ACCEPTED,99,EXACT,Animalia,Chordata,Anura,Hylidae,Isthmohyla,Isthmohyla angustilineata,1,44,131,952,6735,2428088,2428089,FALSE,Amphibia,NA,Isthmohyla angustilineata,176
2428103,"Isthmohyla calypsa (Lips, 1996)",Isthmohyla calypsa,SPECIES,ACCEPTED,99,EXACT,Animalia,Chordata,Anura,Hylidae,Isthmohyla,Isthmohyla calypsa,1,44,131,952,6735,2428088,2428103,FALSE,Amphibia,NA,Isthmohyla calypsa,177
2428114,"Isthmohyla debilis (Taylor, 1952)",Isthmohyla debilis,SPECIES,ACCEPTED,99,EXACT,Animalia,Chordata,Anura,Hylidae,Isthmohyla,Isthmohyla debilis,1,44,131,952,6735,2428088,2428114,FALSE,Amphibia,NA,Isthmohyla debilis,178
2428116,"Isthmohyla lancasteri (Barbour, 1928)",Isthmohyla lancasteri,SPECIES,ACCEPTED,99,EXACT,Animalia,Chordata,Anura,Hylidae,Isthmohyla,Isthmohyla lancasteri,1,44,131,952,6735,2428088,2428116,FALSE,Amphibia,NA,Isthmohyla lancasteri,179
2428118,"Isthmohyla picadoi (Dunn, 1937)",Isthmohyla picadoi,SPECIES,ACCEPTED,99,EXACT,Animalia,Chordata,Anura,Hylidae,Isthmohyla,Isthmohyla picadoi,1,44,131,952,6735,2428088,2428118,FALSE,Amphibia,NA,Isthmohyla picadoi,180
2428094,"Isthmohyla pictipes (Cope, 1875)",Isthmohyla pictipes,SPECIES,ACCEPTED,99,EXACT,Animalia,Chordata,Anura,Hylidae,Isthmohyla,Isthmohyla pictipes,1,44,131,952,6735,2428088,2428094,FALSE,Amphibia,NA,Isthmohyla pictipes,181
2428110,"Isthmohyla pseudopuma (Günther, 1901)",Isthmohyla pseudopuma,SPECIES,ACCEPTED,99,EXACT,Animalia,Chordata,Anura,Hylidae,Isthmohyla,Isthmohyla pseudopuma,1,44,131,952,6735,2428088,2428110,FALSE,Amphibia,NA,Isthmohyla pseudopuma,182
2428120,"Isthmohyla rivularis (Taylor, 1952)",Isthmohyla rivularis,SPECIES,ACCEPTED,99,EXACT,Animalia,Chordata,Anura,Hylidae,Isthmohyla,Isthmohyla rivularis,1,44,131,952,6735,2428088,2428120,FALSE,Amphibia,NA,Isthmohyla rivularis,183
2428099,"Isthmohyla tica (Starrett, 1966)",Isthmohyla tica,SPECIES,ACCEPTED,99,EXACT,Animalia,Chordata,Anura,Hylidae,Isthmohyla,Isthmohyla tica,1,44,131,952,6735,2428088,2428099,FALSE,Amphibia,NA,Isthmohyla tica,184
2428112,"Isthmohyla xanthosticta (Duellman, 1968)",Isthmohyla xanthosticta,SPECIES,ACCEPTED,99,EXACT,Animalia,Chordata,Anura,Hylidae,Isthmohyla,Isthmohyla xanthosticta,1,44,131,952,6735,2428088,2428112,FALSE,Amphibia,NA,Isthmohyla xanthosticta,185
2428101,"Isthmohyla zeteki (Gaige, 1929)",Isthmohyla zeteki,SPECIES,ACCEPTED,99,EXACT,Animalia,Chordata,Anura,Hylidae,Isthmohyla,Isthmohyla zeteki,1,44,131,952,6735,2428088,2428101,FALSE,Amphibia,NA,Isthmohyla zeteki,186
2428083,"Osteopilus septentrionalis (Duméril & Bibron, 1841)",Osteopilus septentrionalis,SPECIES,ACCEPTED,99,EXACT,Animalia,Chordata,Anura,Hylidae,Osteopilus,Osteopilus septentrionalis,1,44,131,952,6735,2428077,2428083,FALSE,Amphibia,NA,Osteopilus septentrionalis,187
2428632,"Ptychohyla legleri (Taylor, 1958)",Ptychohyla legleri,SPECIES,ACCEPTED,99,EXACT,Animalia,Chordata,Anura,Hylidae,Ptychohyla,Ptychohyla legleri,1,44,131,952,6735,2428624,2428632,FALSE,Amphibia,NA,Ptychohyla legleri,188
5217853,"Scinax boulengeri (Cope, 1887)",Scinax boulengeri,SPECIES,ACCEPTED,99,EXACT,Animalia,Chordata,Anura,Hylidae,Scinax,Scinax boulengeri,1,44,131,952,6735,2427373,5217853,FALSE,Amphibia,NA,Scinax boulengeri,189
5217897,"Scinax elaeochroa (Cope, 1875)",Scinax elaeochroa,SPECIES,ACCEPTED,99,EXACT,Animalia,Chordata,Anura,Hylidae,Scinax,Scinax elaeochroa,1,44,131,952,6735,2427373,5217897,FALSE,Amphibia,NA,Scinax elaeochroa,190
5217933,"Scinax staufferi (Cope, 1865)",Scinax staufferi,SPECIES,ACCEPTED,99,EXACT,Animalia,Chordata,Anura,Hylidae,Scinax,Scinax staufferi,1,44,131,952,6735,2427373,5217933,FALSE,Amphibia,NA,Scinax staufferi,191
2428680,"Smilisca baudinii (Duméril & Bibron, 1841)",Smilisca baudinii,SPECIES,ACCEPTED,99,EXACT,Animalia,Chordata,Anura,Hylidae,Smilisca,Smilisca baudinii,1,44,131,952,6735,2428679,2428680,FALSE,Amphibia,NA,Smilisca baudinii,192
10799507,"Smilisca manisorum (Taylor, 1954)",Smilisca manisorum,SPECIES,ACCEPTED,99,EXACT,Animalia,Chordata,Anura,Hylidae,Smilisca,Smilisca manisorum,1,44,131,952,6735,2428679,10799507,FALSE,Amphibia,NA,Smilisca manisorum,193
2428683,"Smilisca phaeota (Cope, 1862)",Smilisca phaeota,SPECIES,ACCEPTED,99,EXACT,Animalia,Chordata,Anura,Hylidae,Smilisca,Smilisca phaeota,1,44,131,952,6735,2428679,2428683,FALSE,Amphibia,NA,Smilisca phaeota,194
2428682,"Smilisca puma (Cope, 1885)",Smilisca puma,SPECIES,ACCEPTED,99,EXACT,Animalia,Chordata,Anura,Hylidae,Smilisca,Smilisca puma,1,44,131,952,6735,2428679,2428682,FALSE,Amphibia,NA,Smilisca puma,195
2428688,"Smilisca sila Duellman & Trueb, 1966",Smilisca sila,SPECIES,ACCEPTED,99,EXACT,Animalia,Chordata,Anura,Hylidae,Smilisca,Smilisca sila,1,44,131,952,6735,2428679,2428688,FALSE,Amphibia,NA,Smilisca sila,196
2428681,"Smilisca sordida (Peters, 1863)",Smilisca sordida,SPECIES,ACCEPTED,99,EXACT,Animalia,Chordata,Anura,Hylidae,Smilisca,Smilisca sordida,1,44,131,952,6735,2428679,2428681,FALSE,Amphibia,NA,Smilisca sordida,197
11447014,"Tlalocohyla celeste Varela-Soto, Abarca, Brenes-Mora, Aspinall, Leenders & Shepack, 2022",Tlalocohyla celeste,SPECIES,ACCEPTED,99,EXACT,Animalia,Chordata,Anura,Hylidae,Tlalocohyla,Tlalocohyla celeste,1,44,131,952,6735,2428272,11447014,FALSE,Amphibia,NA,Tlalocohyla celeste,198
2428279,"Tlalocohyla loquax (Gaige & Stuart, 1934)",Tlalocohyla loquax,SPECIES,ACCEPTED,99,EXACT,Animalia,Chordata,Anura,Hylidae,Tlalocohyla,Tlalocohyla loquax,1,44,131,952,6735,2428272,2428279,FALSE,Amphibia,NA,Tlalocohyla loquax,199
10802169,"Trachycephalus vermiculatus (Duméril & Bibron, 1841)",Trachycephalus vermiculatus,SPECIES,ACCEPTED,99,EXACT,Animalia,Chordata,Anura,Hylidae,Trachycephalus,Trachycephalus vermiculatus,1,44,131,952,6735,2427491,10802169,FALSE,Amphibia,NA,Trachycephalus vermiculatus,200
5217587,"Leptodactylus fragilis (Brocchi, 1877)",Leptodactylus fragilis,SPECIES,ACCEPTED,99,EXACT,Animalia,Chordata,Anura,Leptodactylidae,Leptodactylus,Leptodactylus fragilis,1,44,131,952,6739,2424034,5217587,FALSE,Amphibia,NA,Leptodactylus fragilis,201
5217608,"Leptodactylus insularum Barbour, 1906",Leptodactylus insularum,SPECIES,ACCEPTED,99,EXACT,Animalia,Chordata,Anura,Leptodactylidae,Leptodactylus,Leptodactylus insularum,1,44,131,952,6739,2424034,5217608,FALSE,Amphibia,NA,Leptodactylus insularum,202
5217525,"Leptodactylus melanonotus (Hallowell, 1861)",Leptodactylus melanonotus,SPECIES,ACCEPTED,99,EXACT,Animalia,Chordata,Anura,Leptodactylidae,Leptodactylus,Leptodactylus melanonotus,1,44,131,952,6739,2424034,5217525,FALSE,Amphibia,NA,Leptodactylus melanonotus,203
5217583,"Leptodactylus poecilochilus (Cope, 1862)",Leptodactylus poecilochilus,SPECIES,ACCEPTED,99,EXACT,Animalia,Chordata,Anura,Leptodactylidae,Leptodactylus,Leptodactylus poecilochilus,1,44,131,952,6739,2424034,5217583,FALSE,Amphibia,NA,Leptodactylus poecilochilus,204
5217534,"Leptodactylus savagei Heyer, 2005",Leptodactylus savagei,SPECIES,ACCEPTED,99,EXACT,Animalia,Chordata,Anura,Leptodactylidae,Leptodactylus,Leptodactylus savagei,1,44,131,952,6739,2424034,5217534,FALSE,Amphibia,NA,Leptodactylus savagei,205
2423497,"Engystomops pustulosus (Cope, 1864)",Engystomops pustulosus,SPECIES,ACCEPTED,85,FUZZY,Animalia,Chordata,Anura,Leptodactylidae,Engystomops,Engystomops pustulosus,1,44,131,952,6739,8376890,2423497,FALSE,Amphibia,NA,Engysomops pustulosus,206
9023199,"Hypopachus pictiventris (Cope, 1886)",Hypopachus pictiventris,SPECIES,ACCEPTED,99,EXACT,Animalia,Chordata,Anura,Microhylidae,Hypopachus,Hypopachus pictiventris,1,44,131,952,6741,2421789,9023199,FALSE,Amphibia,NA,Hypopachus pictiventris,207
2421790,"Hypopachus variolosus (Cope, 1866)",Hypopachus variolosus,SPECIES,ACCEPTED,99,EXACT,Animalia,Chordata,Anura,Microhylidae,Hypopachus,Hypopachus variolosus,1,44,131,952,6741,2421789,2421790,FALSE,Amphibia,NA,Hypopachus variolosus,208
9849293,"Ctenophryne aterrima (Günther, 1901)",Ctenophryne aterrima,SPECIES,ACCEPTED,85,FUZZY,Animalia,Chordata,Anura,Microhylidae,Ctenophryne,Ctenophryne aterrima,1,44,131,952,6741,2421975,9849293,FALSE,Amphibia,NA,Ctenophyrne aterrima,209
2427054,"Lithobates forreri (Boulenger, 1883)",Lithobates forreri,SPECIES,ACCEPTED,99,EXACT,Animalia,Chordata,Anura,Ranidae,Lithobates,Lithobates forreri,1,44,131,952,6746,2427046,2427054,FALSE,Amphibia,NA,Lithobates forreri,210
2427157,"Lithobates taylori (Smith, 1959)",Lithobates taylori,SPECIES,ACCEPTED,99,EXACT,Animalia,Chordata,Anura,Ranidae,Lithobates,Lithobates taylori,1,44,131,952,6746,2427046,2427157,FALSE,Amphibia,NA,Lithobates taylori,211
2427082,"Lithobates vaillanti (Brocchi, 1877)",Lithobates vaillanti,SPECIES,ACCEPTED,99,EXACT,Animalia,Chordata,Anura,Ranidae,Lithobates,Lithobates vaillanti,1,44,131,952,6746,2427046,2427082,FALSE,Amphibia,NA,Lithobates vaillanti,212
2427060,"Lithobates vibicarius (Cope, 1894)",Lithobates vibicarius,SPECIES,ACCEPTED,99,EXACT,Animalia,Chordata,Anura,Ranidae,Lithobates,Lithobates vibicarius,1,44,131,952,6746,2427046,2427060,FALSE,Amphibia,NA,Lithobates vibicarius,213
2427161,"Lithobates warszewitschii (Schmidt, 1857)",Lithobates warszewitschii,SPECIES,ACCEPTED,99,EXACT,Animalia,Chordata,Anura,Ranidae,Lithobates,Lithobates warszewitschii,1,44,131,952,6746,2427046,2427161,FALSE,Amphibia,NA,Lithobates warszewitschii,214
2427091,"Lithobates catesbeianus (Shaw, 1802)",Lithobates catesbeianus,SPECIES,ACCEPTED,99,EXACT,Animalia,Chordata,Anura,Ranidae,Lithobates,Lithobates catesbeianus,1,44,131,952,6746,2427046,2427091,FALSE,Amphibia,NA,Lithobates catesbeianus,215
2426369,"Rhinophrynus dorsalis Duméril & Bibron, 1841",Rhinophrynus dorsalis,SPECIES,ACCEPTED,99,EXACT,Animalia,Chordata,Anura,Rhinophrynidae,Rhinophrynus,Rhinophrynus dorsalis,1,44,131,952,3097,2426368,2426369,FALSE,Amphibia,NA,Rhinophrynus dorsalis,216
